Metatron	1
Beelzebub	1
Cu Chulainn	1
Jack-o'-Lantern	1
Jack Frost	1
Pixie	1
Cerberus	1
Lilim	1
Eligor	1
Odin	1
Hua Po	1
Decarabia	1
Mara	1
Ose	1
Thor	1
Unicorn	1
Uriel	1
Sarasvati	1
Valkyrie	1
Yaksini	1
Ganesha	1
Anubis	1
Mot	1
Raphael	1
Scathach	1
High Pixie	1
Barong	1
Girimehkala	1
King Frost	1
Narcissus	1
Isis	1
Lamia	1
Legion	1
Rakshasa	1
Mokoi	1
Forneus	1
Setanta	1
Titania	1
Incubus	1
Oni	1
Lilith	1
Rangda	1
Makami	1
Parvati	1
Gabriel	1
Zaou-Gongen	1
Alice	1
Kali	1
Kurama Tengu	1
Oberon	1
Shiki-Ouji	1
Yamata-no-Orochi	1
Orobas	1
Hanuman	1
Archangel	1
Obariyon	1
Queen Mab	1
Sandalphon	1
Abaddon	1
Shiisaa	1
Sandman	1
Belial	1
Leanan Sidhe	1
Cybele	1
Chernobog	1
Flauros	1
Ippon-Datara	1
Orthrus	1
Succubus	1
Mothman	1
RESERVE	0
Dominion	1
Nekomata	1
Black Frost	1
Arahabaki	1
Angel	1
Skadi	1
Kikuri-Hime	1
Chi You	1
Power	1
Inugami	1
Nebiros	1
RESERVE	0
Slime	1
Anzu	1
Yatagarasu	1
Yoshitsune	1
Take-Minakata	1
Ame-no-Uzume	1
Kushinada	1
Kumbhanda	1
Ongyo-Ki	1
Kin-Ki	1
Sui-Ki	1
Fuu-Ki	1
Jatayu	1
Kaiwan	1
Kelpie	1
Thoth	1
Dionysus	1
Apsaras	1
Andras	1
RESERVE	0
Koropokkuru	1
Koppa Tengu	1
Regent	1
Queen's Necklace	1
Stone of Scone	1
Koh-i-Noor	1
Orlov	1
Emperor's Amulet	1
Hope Diamond	1
Crystal Skull	1
Orichalcum	1
RESERVE	0
RESERVE	0
RESERVE	0
RESERVE	0
RESERVE	0
RESERVE	0
Mandrake	1
Baal	1
Dakini	1
Silky	1
Bugs	1
Black Ooze	1
Bicorn	1
Mithras	1
Sudama	1
Kodama	1
Agathion	1
Onmoraki	1
Nue	1
Pisaca	1
Melchizedek	1
Baphomet	1
Raja Naga	1
Naga	1
Garuda	1
Moloch	1
Norn	1
Belphegor	1
Berith	1
Choronzon	1
RESERVE	0
RESERVE	0
RESERVE	0
RESERVE	0
RESERVE	0
RESERVE	0
Nigi Mitama	1
Kushi Mitama	1
Ara Mitama	1
Saki Mitama	1
RESERVE	0
Shiva	1
Michael	1
Asura	1
Mada	1
Mother Harlot	1
Clotho	1
Lachesis	1
Atropos	1
Ardha	1
RESERVE	0
Vishnu	1
Hariti	1
Yurlungur	1
Hecatoncheires	1
Satanael	1
RESERVE	0
RESERVE	0
RESERVE	0
RESERVE	0
RESERVE	0
RESERVE	0
RESERVE	0
RESERVE	0
RESERVE	0
RESERVE	0
Orpheus	1
Thanatos	1
Izanagi	1
Magatsu-Izanagi	1
Kaguya	1
Ariadne	1
Asterius	1
Tsukiyomi	1
Messiah	1
Messiah Picaro	1
Orpheus Picaro	1
Thanatos Picaro	1
Izanagi Picaro	1
Magatsu-Izanagi Picaro	1
Kaguya Picaro	1
Ariadne Picaro	1
Asterius Picaro	1
Tsukiyomi Picaro	1
Satanael	0
???	0
Arsene	1
Captain Kidd	1
Zorro	1
Carmen	1
Goemon	1
Johanna	1
Milady	1
Necronomicon	1
Robin Hood	1
Loki	1
Satanael	0
Seiten Taisei	0
Mercurius	0
Hecate	0
Kamu Susano-o	0
Anat	0
Astarte	0
Prometheus	0
Loki	0
Arsene	0
Captain Kidd	0
Zorro	0
Carmen	0
Goemon	0
Johanna	0
Milady	0
Necronomicon	0
Robin Hood	0
???	0
Lucifer	0
Seiten Taisei	0
Mercurius	0
Hecate	0
Kamu Susano-o	0
Anat	0
Astarte	0
Prometheus	0
Loki	0
Loki	0
Cendrillon	1
Vanadis	0
William	0
Diego	0
Celestine	0
Gorokichi	0
Agnes	0
Lucy	0
Al Azif	0
Hereward	0
Ella	0
RESERVE	0
Satan	1
Lucifer	1
Kohryu	1
Okuninushi	1
Norn	0
RESERVE	0
RESERVE	0
Futsunushi	1
RESERVE	0
Seth	1
Ishtar	1
RESERVE	0
Surt	0
???	0
Lakshmi	1
RESERVE	0
RESERVE	0
Ex-Belphegor	0
RESERVE	0
Garuda	0
Fortuna	1
Suzaku	1
Seiryu	1
Genbu	1
Byakko	1
Bishamonten	1
Koumokuten	1
Jikokuten	1
Zouchouten	1
Hell Biker	1
Daisoujou	1
Trumpeter	1
White Rider	1
Matador	1
Pale Rider	1
Horus	1
RESERVE	0
Attis	1
RESERVE	0
RESERVE	0
Sraosha	1
Berith	0
RESERVE	0
Mithra	1
Phoenix	1
Principality	1
Neko Shogun	1
Vasuki	1
Ananta	1
Throne	0
RESERVE	0
Quetzalcoatl	1
Red Rider	1
Black Rider	1
RESERVE	0
Ex-Moloch	0
Pazuzu	1
???	0
Slime	0
Jack-o'-Lantern	0
Agathion	0
Mandrake	0
Shiisaa	0
Jack Frost	0
Sudama	0
Onmoraki	0
Bugs	0
Pixie	0
Pixie	0
Ardha	0
RESERVE	0
Asmodeus	0
Azazel	0
Baal	0
Tithoes	0
Mammon	0
Leviathan	0
Samael	0
Maria	1
Vohu Manah	1
Cait Sith	0
Mishaguji	1
???	0
???	0
RESERVE	0
RESERVE	0
RESERVE	0
RESERVE	0
RESERVE	0
RESERVE	0
RESERVE	0
RESERVE	0
RESERVE	0
RESERVE	0
RESERVE	0
RESERVE	0
RESERVE	0
RESERVE	0
RESERVE	0
P5 Unused	0
P5 Unused	0
P5 Unused	0
P6 Unused	0
P5 Unused	0
P5 Unused	0
P5 Unused	0
P5 Unused	0
P5 Unused	0
Izanagi-no-Okami	1
Psyche	0
Athena	1
Raoul	1
Orpheus Telos	0
Orpheus F	1
Izanagi-no-Okami Picaro	1
Psyche Picaro	0
Athena Picaro	1
Neo Arsene Picaro	0
Orpheus Telos Picaro	0
Orpheus F Picaro	1
P5 Unused	0
P5 Unused	0
P5 Unused	0
P5 Unused	0
P5 Unused	0
P5 Unused	0
P5 Unused	0
P5 Unused	0
P5 Unused	0
P5 Unused	0
P5 Unused	0
P5 Unused	0
P5 Unused	0
P5 Unused	0
P5 Unused	0
P5 Unused	0
P5 Unused	0
P5 Unused	0
P5 Unused	0
P5 Unused	0
P5 Unused	0
P5 Unused	0
P5 Unused	0
P5 Unused	0
P5 Unused	0
P5 Unused	0
P5 Unused	0
P5 Unused	0
P5 Unused	0
P5 Unused	0
P5 Unused	0
P5 Unused	0
P5 Unused	0
P5 Unused	0
P5 Unused	0
P5 Unused	0
P5 Unused	0
P5 Unused	0
P5 Unused	0
P5 Unused	0
P5 Unused	0
P5 Unused	0
P5 Unused	0
P5 Unused	0
P5 Unused	0
P5 Unused	0
P5 Unused	0
P5 Unused	0
P5 Unused	0
P5 Unused	0
P5 Unused	0
P5 Unused	0
Macabre	1
Alilat	1
Thunderbird	1
Fafnir	1
Byakhee	1
Hastur	1
Tam Lin	1
Throne	1
Surt	1
Loa	1
Chimera	1
Atavaka	1
Cait Sith	1
Siegfried	1
P5 Unused	0
P5 Unused	0
???	0
???	0
???	0
???	0
???	0
???	0
???	0
???	0
???	0
???	0
???	0
???	0
???	0
???	0
???	0
???	0
???	0
???	0
???	0
???	0
???	0
???	0
RESERVE	0
RESERVE	0
